Produto,Segmento,Equipe,Owner,Compartilhar_Usu_rio_1,Compartilhar_Usu_rio_2,Compartilhar_Usu_rio_3,Owner.id,Compartilhar_Usu_rio_1.id,Compartilhar_Usu_rio_2.id,Compartilhar_Usu_rio_3.id
Conquista,Comercial,C1,thiago.ferreira@positivo.com.br,viniciusgoncalez@conquistaeducacao.com.br,kleubers@positivo.com.br,earthur@positivo.com.br,4259414000001000049,4259414000001063010,4259414000001055019,4259414000000999001
Conquista,Comercial,C1,facciolli@positivo.com.br,viniciusgoncalez@conquistaeducacao.com.br,kleubers@positivo.com.br,earthur@positivo.com.br,4259414000001014037,4259414000001063010,4259414000001055019,4259414000000999001
Conquista,Comercial,C1,npjunior@positivo.com.br,viniciusgoncalez@conquistaeducacao.com.br,kleubers@positivo.com.br,earthur@positivo.com.br,4259414000003831004,4259414000001063010,4259414000001055019,4259414000000999001
Conquista,Comercial,C1,mapereira@positivo.com.br,viniciusgoncalez@conquistaeducacao.com.br,kleubers@positivo.com.br,earthur@positivo.com.br,4259414000001028019,4259414000001063010,4259414000001055019,4259414000000999001
Conquista,Comercial,C1,marcelo.pereira@positivo.com.br,viniciusgoncalez@conquistaeducacao.com.br,kleubers@positivo.com.br,earthur@positivo.com.br,4259414000001013010,4259414000001063010,4259414000001055019,4259414000000999001
Conquista,Comercial,C1,jorge.santos@positivo.com.br,viniciusgoncalez@conquistaeducacao.com.br,kleubers@positivo.com.br,earthur@positivo.com.br,4259414000001039001,4259414000001063010,4259414000001055019,4259414000000999001
Conquista,Comercial,C1,ismailsilva@positivo.com.br,viniciusgoncalez@conquistaeducacao.com.br,kleubers@positivo.com.br,earthur@positivo.com.br,4259414000001015037,4259414000001063010,4259414000001055019,4259414000000999001
Conquista,Comercial,C1,gilvansantos@positivo.com.br,viniciusgoncalez@conquistaeducacao.com.br,kleubers@positivo.com.br,earthur@positivo.com.br,4259414000001038001,4259414000001063010,4259414000001055019,4259414000000999001
Conquista,Comercial,C1,danilo.silva@positivo.com.br,viniciusgoncalez@conquistaeducacao.com.br,kleubers@positivo.com.br,earthur@positivo.com.br,4259414000001005002,4259414000001063010,4259414000001055019,4259414000000999001
Conquista,Comercial,C1,ana.resende@positivo.com.br,viniciusgoncalez@conquistaeducacao.com.br,kleubers@positivo.com.br,earthur@positivo.com.br,4259414000001014046,4259414000001063010,4259414000001055019,4259414000000999001
Conquista,Comercial,C2,bernardo.ortiz@positivo.com.br,andremantovani@conquistaeducacao.com.br,kleubers@positivo.com.br,earthur@positivo.com.br,4259414000001053001,4259414000001066010,4259414000001055019,4259414000000999001
Conquista,Comercial,C2,avlima@positivo.com.br,andremantovani@conquistaeducacao.com.br,kleubers@positivo.com.br,earthur@positivo.com.br,4259414000003436008,4259414000001066010,4259414000001055019,4259414000000999001
Conquista,Comercial,C2,sbqueiroz@positivo.com.br,andremantovani@conquistaeducacao.com.br,kleubers@positivo.com.br,earthur@positivo.com.br,4259414000003755016,4259414000001066010,4259414000001055019,4259414000000999001
Conquista,Comercial,C2,pjalmeida@positivo.com.br,andremantovani@conquistaeducacao.com.br,kleubers@positivo.com.br,earthur@positivo.com.br,4259414000004044013,4259414000001066010,4259414000001055019,4259414000000999001
Conquista,Comercial,C2,luiz.kons@positivo.com.br,andremantovani@conquistaeducacao.com.br,kleubers@positivo.com.br,earthur@positivo.com.br,4259414000001036004,4259414000001066010,4259414000001055019,4259414000000999001
Conquista,Comercial,C2,gmartins@positivo.com.br,andremantovani@conquistaeducacao.com.br,kleubers@positivo.com.br,earthur@positivo.com.br,4259414000001054001,4259414000001066010,4259414000001055019,4259414000000999001
Conquista,Comercial,C3,ruy.brito@positivo.com.br,antonio.cardoso@positivo.com.br,kleubers@positivo.com.br,earthur@positivo.com.br,4259414000001056001,4259414000001088022,4259414000001055019,4259414000000999001
Conquista,Comercial,C3,luciano.silva@positivo.com.br,antonio.cardoso@positivo.com.br,kleubers@positivo.com.br,earthur@positivo.com.br,4259414000001058001,4259414000001088022,4259414000001055019,4259414000000999001
Conquista,Comercial,C3,rubens.boel@positivo.com.br,antonio.cardoso@positivo.com.br,kleubers@positivo.com.br,earthur@positivo.com.br,4259414000001057001,4259414000001088022,4259414000001055019,4259414000000999001
Conquista,Comercial,C3,rssantos@positivo.com.br,antonio.cardoso@positivo.com.br,kleubers@positivo.com.br,earthur@positivo.com.br,4259414000001059001,4259414000001088022,4259414000001055019,4259414000000999001
Conquista,Comercial,C3,luciana.miranda@positivo.com.br,antonio.cardoso@positivo.com.br,kleubers@positivo.com.br,earthur@positivo.com.br,4259414000001060001,4259414000001088022,4259414000001055019,4259414000000999001
Conquista,Comercial,C3,allan.soares@positivo.com.br,antonio.cardoso@positivo.com.br,kleubers@positivo.com.br,earthur@positivo.com.br,4259414000001055001,4259414000001088022,4259414000001055019,4259414000000999001
Conquista,Comercial,C4,jorge.oliveira@positivo.com.br,marcelo.oliveira@positivo.com.br,kleubers@positivo.com.br,earthur@positivo.com.br,4259414000001062001,4259414000001068019,4259414000001055019,4259414000000999001
Conquista,Comercial,C4,luiz.dutra@positivo.com.br,marcelo.oliveira@positivo.com.br,kleubers@positivo.com.br,earthur@positivo.com.br,4259414000001063001,4259414000001068019,4259414000001055019,4259414000000999001
Conquista,Comercial,C4,karem.santos@positivo.com.br,marcelo.oliveira@positivo.com.br,kleubers@positivo.com.br,earthur@positivo.com.br,4259414000001049005,4259414000001068019,4259414000001055019,4259414000000999001
Conquista,Comercial,C4,gabriela.silva@positivo.com.br,marcelo.oliveira@positivo.com.br,kleubers@positivo.com.br,earthur@positivo.com.br,4259414000001058010,4259414000001068019,4259414000001055019,4259414000000999001
Conquista,Comercial,C4,frederico.filho@positivo.com.br,marcelo.oliveira@positivo.com.br,kleubers@positivo.com.br,earthur@positivo.com.br,4259414000001055010,4259414000001068019,4259414000001055019,4259414000000999001
Conquista,Comercial,C4,bruno.pimentel@positivo.com.br,marcelo.oliveira@positivo.com.br,kleubers@positivo.com.br,earthur@positivo.com.br,4259414000001059010,4259414000001068019,4259414000001055019,4259414000000999001
Conquista,Comercial,C5,felipe.trindade@positivo.com.br,robertabrandao@conquistaeducacao.com.br,kleubers@positivo.com.br,earthur@positivo.com.br,4259414000001065001,4259414000001069019,4259414000001055019,4259414000000999001
Conquista,Comercial,C5,alessandra.montes@positivo.com.br,robertabrandao@conquistaeducacao.com.br,kleubers@positivo.com.br,earthur@positivo.com.br,4259414000001066001,4259414000001069019,4259414000001055019,4259414000000999001
Conquista,Comercial,C5,willian.vidal@positivo.com.br,robertabrandao@conquistaeducacao.com.br,kleubers@positivo.com.br,earthur@positivo.com.br,4259414000001069001,4259414000001069019,4259414000001055019,4259414000000999001
Conquista,Comercial,C5,wfsouza@positivo.com.br,robertabrandao@conquistaeducacao.com.br,kleubers@positivo.com.br,earthur@positivo.com.br,4259414000001064001,4259414000001069019,4259414000001055019,4259414000000999001
Conquista,Comercial,C5,gilmar.santos@positivo.com.br,robertabrandao@conquistaeducacao.com.br,kleubers@positivo.com.br,earthur@positivo.com.br,4259414000001067001,4259414000001069019,4259414000001055019,4259414000000999001
Conquista,Comercial,C5,bruno.mendes@positivo.com.br,robertabrandao@conquistaeducacao.com.br,kleubers@positivo.com.br,earthur@positivo.com.br,4259414000001049014,4259414000001069019,4259414000001055019,4259414000000999001
Conquista,Comercial,C5,alexandrealvim@conquistaeducacao.com.br,robertabrandao@conquistaeducacao.com.br,kleubers@positivo.com.br,earthur@positivo.com.br,4259414000001068001,4259414000001069019,4259414000001055019,4259414000000999001
Conquista,Comercial,C6,fpassuncao@positivo.com.br,ottavia.barbosa@positivo.com.br,kleubers@positivo.com.br,earthur@positivo.com.br,4259414000003755007,4259414000001061010,4259414000001055019,4259414000000999001
Conquista,Comercial,C6,edimar.dantas@positivo.com.br,ottavia.barbosa@positivo.com.br,kleubers@positivo.com.br,earthur@positivo.com.br,4259414000001050004,4259414000001061010,4259414000001055019,4259414000000999001
Conquista,Comercial,C6,carlacoutinho@conquistaeducacao.com.br,ottavia.barbosa@positivo.com.br,kleubers@positivo.com.br,earthur@positivo.com.br,4259414000008367001,4259414000001061010,4259414000001055019,4259414000000999001
Conquista,Comercial,C6,carlacoutinho@conquistaeducacao.com.br,ottavia.barbosa@positivo.com.br,kleubers@positivo.com.br,earthur@positivo.com.br,4259414000009399001,4259414000001061010,4259414000001055019,4259414000000999001
Conquista,Comercial,C6,ronaldo.araripe@positivo.com.br,ottavia.barbosa@positivo.com.br,kleubers@positivo.com.br,earthur@positivo.com.br,4259414000001072001,4259414000001061010,4259414000001055019,4259414000000999001
Conquista,Comercial,C6,roberto.coutinho@positivo.com.br,ottavia.barbosa@positivo.com.br,kleubers@positivo.com.br,earthur@positivo.com.br,4259414000001071001,4259414000001061010,4259414000001055019,4259414000000999001
Conquista,Comercial,C6,joao.farias@positivo.com.br,ottavia.barbosa@positivo.com.br,kleubers@positivo.com.br,earthur@positivo.com.br,4259414000001060010,4259414000001061010,4259414000001055019,4259414000000999001
Conquista,Comercial,C6,israel.silva@positivo.com.br,ottavia.barbosa@positivo.com.br,kleubers@positivo.com.br,earthur@positivo.com.br,4259414000001070001,4259414000001061010,4259414000001055019,4259414000000999001
Conquista,Comercial,C6,fpascoal@positivo.com.br,ottavia.barbosa@positivo.com.br,kleubers@positivo.com.br,earthur@positivo.com.br,4259414000001059019,4259414000001061010,4259414000001055019,4259414000000999001
Conquista,Comercial,C7,malbertosilva@positivo.com.br,wagner.soares@positivo.com.br,kleubers@positivo.com.br,earthur@positivo.com.br,4259414000001075001,4259414000001075010,4259414000001055019,4259414000000999001
Conquista,Comercial,C7,ricardo.ferreira@positivo.com.br,wagner.soares@positivo.com.br,kleubers@positivo.com.br,earthur@positivo.com.br,4259414000001074019,4259414000001075010,4259414000001055019,4259414000000999001
Conquista,Comercial,C7,vitor.silva@positivo.com.br,wagner.soares@positivo.com.br,kleubers@positivo.com.br,earthur@positivo.com.br,4259414000001076010,4259414000001075010,4259414000001055019,4259414000000999001
Conquista,Comercial,C7,silvio.filho@positivo.com.br,wagner.soares@positivo.com.br,kleubers@positivo.com.br,earthur@positivo.com.br,4259414000001074001,4259414000001075010,4259414000001055019,4259414000000999001
Conquista,Comercial,C7,silvaneide.santos@positivo.com.br,wagner.soares@positivo.com.br,kleubers@positivo.com.br,earthur@positivo.com.br,4259414000001076001,4259414000001075010,4259414000001055019,4259414000000999001
Conquista,Comercial,C7,ridete@positivo.com.br,wagner.soares@positivo.com.br,kleubers@positivo.com.br,earthur@positivo.com.br,4259414000001052013,4259414000001075010,4259414000001055019,4259414000000999001
Conquista,Comercial,C7,perla.silva@positivo.com.br,wagner.soares@positivo.com.br,kleubers@positivo.com.br,earthur@positivo.com.br,4259414000001077001,4259414000001075010,4259414000001055019,4259414000000999001
Conquista,Comercial,C7,marcio.reis@positivo.com.br,wagner.soares@positivo.com.br,kleubers@positivo.com.br,earthur@positivo.com.br,4259414000001074010,4259414000001075010,4259414000001055019,4259414000000999001
Conquista,Comercial,C7,lmdsantos@positivo.com.br,wagner.soares@positivo.com.br,kleubers@positivo.com.br,earthur@positivo.com.br,4259414000001059028,4259414000001075010,4259414000001055019,4259414000000999001
Conquista,Comercial,C8,hugocezar@conquistaeducacao.com.br,renan.oliveira@positivo.com.br,kleubers@positivo.com.br,earthur@positivo.com.br,4259414000011633002,4259414000001057019,4259414000001055019,4259414000000999001
Conquista,Comercial,C8,jose.junior@positivo.com.br,renan.oliveira@positivo.com.br,kleubers@positivo.com.br,earthur@positivo.com.br,4259414000001078001,4259414000001057019,4259414000001055019,4259414000000999001
Conquista,Comercial,C8,jorge.moreira@positivo.com.br,renan.oliveira@positivo.com.br,kleubers@positivo.com.br,earthur@positivo.com.br,4259414000001073001,4259414000001057019,4259414000001055019,4259414000000999001
Conquista,Comercial,C8,felipe.carvalho@positivo.com.br,renan.oliveira@positivo.com.br,kleubers@positivo.com.br,earthur@positivo.com.br,4259414000001053010,4259414000001057019,4259414000001055019,4259414000000999001
Conquista,Comercial,C8,claiton.moreira@positivo.com.br,renan.oliveira@positivo.com.br,kleubers@positivo.com.br,earthur@positivo.com.br,4259414000001074028,4259414000001057019,4259414000001055019,4259414000000999001
PES,Comercial,,abittencourt@positivo.com.br,masbertolin@positivo.com.br,slouis@positivo.com.br,,4259414000010022001,4259414000009991005,4259414000010015001,
PES,Comercial,,andre.santos@positivo.com.br,masbertolin@positivo.com.br,slouis@positivo.com.br,,4259414000010023001,4259414000009991005,4259414000010015001,
PES,Comercial,,joalmeida@positivo.com.br,masbertolin@positivo.com.br,slouis@positivo.com.br,,4259414000010027001,4259414000009991005,4259414000010015001,
PES,Comercial,,foandrade@positivo.com.br,masbertolin@positivo.com.br,slouis@positivo.com.br,,4259414000009997087,4259414000009991005,4259414000010015001,
PES,Comercial,,dosodre@positivo.com.br,masbertolin@positivo.com.br,slouis@positivo.com.br,,4259414000010025001,4259414000009991005,4259414000010015001,
PES,Comercial,,sfsantana@positivo.com.br,masbertolin@positivo.com.br,slouis@positivo.com.br,,4259414000010028001,4259414000009991005,4259414000010015001,
Conquista,Pedagógico,,anaaquino@conquistaeducacao.com.br,ierthal@positivo.com.br,aenzo@positivo.com.br,earthur@positivo.com.br,4259414000001081001,4259414000001082010,4259414000001095001,4259414000000999001
Conquista,Pedagógico,,anevigiano@conquistaeducacao.com.br,ierthal@positivo.com.br,aenzo@positivo.com.br,earthur@positivo.com.br,4259414000009615019,4259414000001082010,4259414000001095001,4259414000000999001
Conquista,Pedagógico,,gmsouza@positivo.com.br,ierthal@positivo.com.br,aenzo@positivo.com.br,earthur@positivo.com.br,4259414000006382001,4259414000001082010,4259414000001095001,4259414000000999001
Conquista,Pedagógico,,rmghedini@positivo.com.br,ierthal@positivo.com.br,aenzo@positivo.com.br,earthur@positivo.com.br,4259414000003716037,4259414000001082010,4259414000001095001,4259414000000999001
Conquista,Pedagógico,,rmghedini@positivo.com.br,ierthal@positivo.com.br,aenzo@positivo.com.br,earthur@positivo.com.br,4259414000007553001,4259414000001082010,4259414000001095001,4259414000000999001
Conquista,Pedagógico,,jsmuniz@positivo.com.br,ierthal@positivo.com.br,aenzo@positivo.com.br,earthur@positivo.com.br,4259414000006383001,4259414000001082010,4259414000001095001,4259414000000999001
Conquista,Pedagógico,,karla.martins@positivo.com.br,ierthal@positivo.com.br,aenzo@positivo.com.br,earthur@positivo.com.br,4259414000001082001,4259414000001082010,4259414000001095001,4259414000000999001
Conquista,Pedagógico,,tctsantos@positivo.com.br,ierthal@positivo.com.br,aenzo@positivo.com.br,earthur@positivo.com.br,4259414000001087001,4259414000001082010,4259414000001095001,4259414000000999001
Conquista,Pedagógico,,ajleal@positivo.com.br,ierthal@positivo.com.br,aenzo@positivo.com.br,earthur@positivo.com.br,4259414000005945001,4259414000001082010,4259414000001095001,4259414000000999001
Conquista,Pedagógico,,carmem.moreira@positivo.com.br,ierthal@positivo.com.br,aenzo@positivo.com.br,earthur@positivo.com.br,4259414000001083001,4259414000001082010,4259414000001095001,4259414000000999001
Conquista,Pedagógico,,ana.menezes@positivo.com.br,ierthal@positivo.com.br,aenzo@positivo.com.br,earthur@positivo.com.br,4259414000001057010,4259414000001082010,4259414000001095001,4259414000000999001
Conquista,Pedagógico,,alene@positivo.com.br,ierthal@positivo.com.br,aenzo@positivo.com.br,earthur@positivo.com.br,4259414000001080001,4259414000001082010,4259414000001095001,4259414000000999001
Conquista,Pedagógico,,fernandomendes@positivosolucoes.com.br,fcorrea@positivo.com.br,aenzo@positivo.com.br,earthur@positivo.com.br,4259414000001072010,4259414000001063024,4259414000001095001,4259414000000999001
Conquista,Pedagógico,,fabiana.santana@positivo.com.br,fcorrea@positivo.com.br,aenzo@positivo.com.br,earthur@positivo.com.br,4259414000001068010,4259414000001063024,4259414000001095001,4259414000000999001
Conquista,Pedagógico,,neide.aragao@positivo.com.br,fcorrea@positivo.com.br,aenzo@positivo.com.br,earthur@positivo.com.br,4259414000001079001,4259414000001063024,4259414000001095001,4259414000000999001
Conquista,Pedagógico,,avelinegoncalves@positivo.com.br,fcorrea@positivo.com.br,aenzo@positivo.com.br,earthur@positivo.com.br,4259414000006360017,4259414000001063024,4259414000001095001,4259414000000999001
Conquista,Pedagógico,,gmstein@positivo.com.br,fcorrea@positivo.com.br,aenzo@positivo.com.br,earthur@positivo.com.br,4259414000001080010,4259414000001063024,4259414000001095001,4259414000000999001
Conquista,Pedagógico,,aasneto@positivo.com.br,fcorrea@positivo.com.br,aenzo@positivo.com.br,earthur@positivo.com.br,4259414000001088010,4259414000001063024,4259414000001095001,4259414000000999001
Conquista,Pedagógico,,fvargas@positivo.com.br,fcorrea@positivo.com.br,aenzo@positivo.com.br,earthur@positivo.com.br,4259414000001088001,4259414000001063024,4259414000001095001,4259414000000999001
Conquista,Pedagógico,,rrdada@positivo.com.br,fcorrea@positivo.com.br,aenzo@positivo.com.br,earthur@positivo.com.br,4259414000001084001,4259414000001063024,4259414000001095001,4259414000000999001
Conquista,Pedagógico,,cristiane.braga@positivo.com.br,fcorrea@positivo.com.br,aenzo@positivo.com.br,earthur@positivo.com.br,4259414000001069010,4259414000001063024,4259414000001095001,4259414000000999001
SPE,Comercial,S1,guilhermeavila@spe.com.br,antonio.staub@positivo.com.br,lmsantos@positivo.com.br,heitormartins@arcoeducacao.com.br,4259414000009268001,4259414000000990134,4259414000000990125,4259414000004044001
SPE,Comercial,S1,jlsantos@positivo.com.br,antonio.staub@positivo.com.br,lmsantos@positivo.com.br,heitormartins@arcoeducacao.com.br,4259414000001011016,4259414000000990134,4259414000000990125,4259414000004044001
SPE,Comercial,S1,drezende@positivo.com.br,antonio.staub@positivo.com.br,lmsantos@positivo.com.br,heitormartins@arcoeducacao.com.br,4259414000006273073,4259414000000990134,4259414000000990125,4259414000004044001
SPE,Comercial,S1,cnpossamai@positivo.com.br,antonio.staub@positivo.com.br,lmsantos@positivo.com.br,heitormartins@arcoeducacao.com.br,4259414000001004010,4259414000000990134,4259414000000990125,4259414000004044001
SPE,Comercial,S1,acnass@positivo.com.br,antonio.staub@positivo.com.br,lmsantos@positivo.com.br,heitormartins@arcoeducacao.com.br,4259414000001020001,4259414000000990134,4259414000000990125,4259414000004044001
SPE,Comercial,S1,eurico.gama@positivo.com.br,antonio.staub@positivo.com.br,lmsantos@positivo.com.br,heitormartins@arcoeducacao.com.br,4259414000001002002,4259414000000990134,4259414000000990125,4259414000004044001
SPE,Comercial,S1,claudio.oliveira@positivo.com.br,antonio.staub@positivo.com.br,lmsantos@positivo.com.br,heitormartins@arcoeducacao.com.br,4259414000001022001,4259414000000990134,4259414000000990125,4259414000004044001
SPE,Comercial,S2,eduardoleite@positivosolucoes.com.br,fernandow@positivo.com.br,lmsantos@positivo.com.br,heitormartins@arcoeducacao.com.br,4259414000008307357,4259414000001023001,4259414000000990125,4259414000004044001
SPE,Comercial,S2,mncremonini@positivo.com.br,fernandow@positivo.com.br,lmsantos@positivo.com.br,heitormartins@arcoeducacao.com.br,4259414000001015028,4259414000001023001,4259414000000990125,4259414000004044001
SPE,Comercial,S2,cpoliveira@positivo.com.br,fernandow@positivo.com.br,lmsantos@positivo.com.br,heitormartins@arcoeducacao.com.br,4259414000001024001,4259414000001023001,4259414000000990125,4259414000004044001
SPE,Comercial,S2,maxsuel@positivo.com.br,fernandow@positivo.com.br,lmsantos@positivo.com.br,heitormartins@arcoeducacao.com.br,4259414000001000019,4259414000001023001,4259414000000990125,4259414000004044001
SPE,Comercial,S2,carlos.luz@positivo.com.br,fernandow@positivo.com.br,lmsantos@positivo.com.br,heitormartins@arcoeducacao.com.br,4259414000001025001,4259414000001023001,4259414000000990125,4259414000004044001
SPE,Comercial,S3,rziemba@positivo.com.br,jorge.silva@positivo.com.br,lmsantos@positivo.com.br,heitormartins@arcoeducacao.com.br,4259414000001009019,4259414000001009010,4259414000000990125,4259414000004044001
SPE,Comercial,S3,mesouza@positivo.com.br,jorge.silva@positivo.com.br,lmsantos@positivo.com.br,heitormartins@arcoeducacao.com.br,4259414000001027001,4259414000001009010,4259414000000990125,4259414000004044001
SPE,Comercial,S3,gilliard.silva@positivo.com.br,jorge.silva@positivo.com.br,lmsantos@positivo.com.br,heitormartins@arcoeducacao.com.br,4259414000001026001,4259414000001009010,4259414000000990125,4259414000004044001
SPE,Comercial,S3,alpereira@positivo.com.br,jorge.silva@positivo.com.br,lmsantos@positivo.com.br,heitormartins@arcoeducacao.com.br,4259414000001026010,4259414000001009010,4259414000000990125,4259414000004044001
SPE,Comercial,S3,mdkosienski@positivo.com.br,jorge.silva@positivo.com.br,lmsantos@positivo.com.br,heitormartins@arcoeducacao.com.br,4259414000001014010,4259414000001009010,4259414000000990125,4259414000004044001
SPE,Comercial,S3,aneto@positivo.com.br,jorge.silva@positivo.com.br,lmsantos@positivo.com.br,heitormartins@arcoeducacao.com.br,4259414000001011028,4259414000001009010,4259414000000990125,4259414000004044001
SPE,Comercial,S4,marco.alves@positivo.com.br,dblopes@positivo.com.br,lmsantos@positivo.com.br,heitormartins@arcoeducacao.com.br,4259414000001014019,4259414000001028001,4259414000000990125,4259414000004044001
SPE,Comercial,S4,ivicente@positivo.com.br,dblopes@positivo.com.br,lmsantos@positivo.com.br,heitormartins@arcoeducacao.com.br,4259414000001016013,4259414000001028001,4259414000000990125,4259414000004044001
SPE,Comercial,S4,aflima@positivo.com.br,dblopes@positivo.com.br,lmsantos@positivo.com.br,heitormartins@arcoeducacao.com.br,4259414000001023010,4259414000001028001,4259414000000990125,4259414000004044001
SPE,Comercial,S4,ealima@positivo.com.br,dblopes@positivo.com.br,lmsantos@positivo.com.br,heitormartins@arcoeducacao.com.br,4259414000001029001,4259414000001028001,4259414000000990125,4259414000004044001
SPE,Comercial,S4,talitacv@positivo.com.br,dblopes@positivo.com.br,lmsantos@positivo.com.br,heitormartins@arcoeducacao.com.br,4259414000001009028,4259414000001028001,4259414000000990125,4259414000004044001
SPE,Comercial,S4,jccruz@positivo.com.br,dblopes@positivo.com.br,lmsantos@positivo.com.br,heitormartins@arcoeducacao.com.br,4259414000001026019,4259414000001028001,4259414000000990125,4259414000004044001
SPE,Comercial,S5,tlberto@positivo.com.br,hellison@positivo.com.br,lmsantos@positivo.com.br,heitormartins@arcoeducacao.com.br,4259414000001024010,4259414000001004019,4259414000000990125,4259414000004044001
SPE,Comercial,S5,prrosa@positivo.com.br,hellison@positivo.com.br,lmsantos@positivo.com.br,heitormartins@arcoeducacao.com.br,4259414000001022011,4259414000001004019,4259414000000990125,4259414000004044001
SPE,Comercial,S5,lucas.souza@positivo.com.br,hellison@positivo.com.br,lmsantos@positivo.com.br,heitormartins@arcoeducacao.com.br,4259414000001028010,4259414000001004019,4259414000000990125,4259414000004044001
SPE,Comercial,S5,klfmaciel@positivo.com.br,hellison@positivo.com.br,lmsantos@positivo.com.br,heitormartins@arcoeducacao.com.br,4259414000001030001,4259414000001004019,4259414000000990125,4259414000004044001
SPE,Comercial,S5,cykatayama@positivo.com.br,hellison@positivo.com.br,lmsantos@positivo.com.br,heitormartins@arcoeducacao.com.br,4259414000003824004,4259414000001004019,4259414000000990125,4259414000004044001
SPE,Comercial,S5,leandro.santos@positivo.com.br,hellison@positivo.com.br,lmsantos@positivo.com.br,heitormartins@arcoeducacao.com.br,4259414000001010019,4259414000001004019,4259414000000990125,4259414000004044001
SPE,Comercial,S5,eschuartz@positivo.com.br,hellison@positivo.com.br,lmsantos@positivo.com.br,heitormartins@arcoeducacao.com.br,4259414000001012010,4259414000001004019,4259414000000990125,4259414000004044001
